signal,method,stretch,consistency,amplitude_warble,crest_factor,crest_loss,crest_error,spectral_convergence,log_spectral_distance
sine,naive,0.50000,,0.00013,1.00260,-0.00260,0.00260,1.41190,19.18324
sine,naive,0.75000,,0.00015,1.00080,-0.00080,0.00080,1.40854,14.09424
sine,naive,1.25000,,0.00012,1.01501,-0.01501,0.01501,1.39905,16.68068
sine,naive,1.50000,,0.00010,1.02622,-0.02622,0.02622,1.41028,16.03110
sine,naive,2.00000,,0.00010,1.04212,-0.04212,0.04212,1.41289,18.47598
sine,ola,0.50000,,0.00227,1.26913,-0.26913,0.26913,0.36178,18.80628
sine,ola,0.75000,,0.01950,1.96340,-0.96340,0.96340,0.79597,10.81850
sine,ola,1.25000,,0.00113,1.10729,-0.10729,0.10729,0.11466,20.45596
sine,ola,1.50000,,0.04295,2.68733,-1.68733,1.68733,0.80921,26.81682
sine,ola,2.00000,,0.36516,3.68560,-2.68560,2.68560,0.94335,34.12521
sine,wsola,0.50000,,0.00001,1.00571,-0.00571,0.00571,0.03759,16.89841
sine,wsola,0.75000,,0.00103,1.18076,-0.18076,0.18076,0.01035,6.23398
sine,wsola,1.25000,,0.00074,1.33345,-0.33345,0.33345,0.08506,21.04452
sine,wsola,1.50000,,0.00024,1.09811,-0.09811,0.09811,0.10949,25.60680
sine,wsola,2.00000,,0.04950,1.10255,-0.10255,0.10255,0.13492,31.40403
sine,pv,0.50000,0.00057,0.00631,1.07700,-0.07700,0.07700,0.04010,17.44517
sine,pv,0.75000,0.00011,0.00077,1.15919,-0.15919,0.15919,0.00992,6.01045
sine,pv,1.25000,0.00918,0.00830,1.20562,-0.20562,0.20562,0.10144,9.04056
sine,pv,1.50000,0.00991,0.00830,1.24899,-0.24899,0.24899,0.10535,9.01150
sine,pv,2.00000,0.01911,0.01582,1.29354,-0.29354,0.29354,0.14183,11.82855
sine,pv_locked,0.50000,0.00046,0.00001,1.00176,-0.00176,0.00176,0.03754,15.59583
sine,pv_locked,0.75000,0.00011,0.00096,1.16434,-0.16434,0.16434,0.00985,5.90551
sine,pv_locked,1.25000,0.00058,0.00108,1.12977,-0.12977,0.12977,0.02502,8.40731
sine,pv_locked,1.50000,0.00065,0.00041,1.18984,-0.18984,0.18984,0.02781,8.14665
sine,pv_locked,2.00000,0.00080,0.00067,1.41277,-0.41277,0.41277,0.03520,8.67282
sine,pv_transient,0.50000,0.00046,0.00001,1.00176,-0.00176,0.00176,0.03754,15.59583
sine,pv_transient,0.75000,0.00011,0.00096,1.16434,-0.16434,0.16434,0.00985,5.90551
sine,pv_transient,1.25000,0.00094,0.00089,1.12809,-0.12809,0.12809,0.03219,8.01164
sine,pv_transient,1.50000,0.00121,0.00034,1.10540,-0.10540,0.10540,0.03972,8.35391
sine,pv_transient,2.00000,0.00229,0.00061,1.09009,-0.09009,0.09009,0.05381,8.74627
harmonic,naive,0.50000,,0.55073,3.02185,-0.01045,0.01045,1.00776,63.34305
harmonic,naive,0.75000,,0.55219,2.98153,0.02987,0.02987,1.35150,59.44561
harmonic,naive,1.25000,,0.55182,3.07733,-0.06593,0.06593,1.36815,60.56725
harmonic,naive,1.50000,,0.55132,3.16686,-0.15546,0.15546,1.29205,60.33590
harmonic,naive,2.00000,,0.55146,3.25336,-0.24197,0.24197,1.01178,68.47482
harmonic,ola,0.50000,,0.38251,3.73138,-0.71998,0.71998,0.53864,16.00922
harmonic,ola,0.75000,,0.56392,5.09877,-2.08737,2.08737,0.77352,10.25500
harmonic,ola,1.25000,,0.51332,3.15091,-0.13951,0.13951,0.23665,22.87876
harmonic,ola,1.50000,,0.56572,5.06835,-2.05695,2.05695,0.78691,28.56369
harmonic,ola,2.00000,,0.65079,5.70112,-2.68972,2.68972,0.83948,35.00836
harmonic,wsola,0.50000,,0.55904,3.01164,-0.00024,0.00024,0.03958,14.64565
harmonic,wsola,0.75000,,0.55882,3.14363,-0.13223,0.13223,0.01890,6.43374
harmonic,wsola,1.25000,,0.55879,3.05345,-0.04205,0.04205,0.08536,21.90905
harmonic,wsola,1.50000,,0.55858,3.03542,-0.02402,0.02402,0.10970,27.62785
harmonic,wsola,2.00000,,0.56103,3.04323,-0.03183,0.03183,0.13522,34.11301
harmonic,pv,0.50000,0.00058,0.55940,3.22949,-0.21809,0.21809,0.04072,16.68089
harmonic,pv,0.75000,0.00011,0.55883,3.02567,-0.01427,0.01427,0.01756,6.95079
harmonic,pv,1.25000,0.00894,0.55950,3.53835,-0.52695,0.52695,0.10032,8.45727
harmonic,pv,1.50000,0.00965,0.55956,3.46663,-0.45523,0.45523,0.10410,8.46668
harmonic,pv,2.00000,0.01862,0.56004,3.50598,-0.49458,0.49458,0.14050,11.01809
harmonic,pv_locked,0.50000,0.00047,0.55838,3.08050,-0.06910,0.06910,0.03805,14.45246
harmonic,pv_locked,0.75000,0.00011,0.55886,3.02403,-0.01264,0.01264,0.01746,6.70738
harmonic,pv_locked,1.25000,0.00057,0.54791,3.23111,-0.21971,0.21971,0.02756,7.93580
harmonic,pv_locked,1.50000,0.00063,0.54789,3.19266,-0.18126,0.18126,0.02743,7.73242
harmonic,pv_locked,2.00000,0.00077,0.54184,3.08024,-0.06884,0.06884,0.03441,7.86307
harmonic,pv_transient,0.50000,0.00047,0.55838,3.08050,-0.06910,0.06910,0.03805,14.45246
harmonic,pv_transient,0.75000,0.00011,0.55886,3.02403,-0.01264,0.01264,0.01746,6.70738
harmonic,pv_transient,1.25000,0.00125,0.54790,3.23722,-0.22582,0.22582,0.03982,8.18317
harmonic,pv_transient,1.50000,0.00147,0.54789,3.19565,-0.18425,0.18425,0.04498,7.67268
harmonic,pv_transient,2.00000,0.00230,0.54183,3.08616,-0.07477,0.07477,0.05408,7.89801
vibrato,naive,0.50000,,0.55045,3.20205,-0.03334,0.03334,1.02317,93.65418
vibrato,naive,0.75000,,0.55217,3.07062,0.09809,0.09809,1.34407,80.74284
vibrato,naive,1.25000,,0.55163,3.11290,0.05581,0.05581,1.36116,74.72205
vibrato,naive,1.50000,,0.55138,3.13222,0.03649,0.03649,1.29608,67.67934
vibrato,naive,2.00000,,0.55123,3.18017,-0.01146,0.01146,1.02038,84.02529
vibrato,ola,0.50000,,0.48885,3.58000,-0.41129,0.41129,0.58728,17.80630
vibrato,ola,0.75000,,0.56384,5.10569,-1.93698,1.93698,0.69375,9.07240
vibrato,ola,1.25000,,0.51189,3.13334,0.03537,0.03537,0.26431,23.41864
vibrato,ola,1.50000,,0.56303,5.09154,-1.92283,1.92283,0.77654,29.82704
vibrato,ola,2.00000,,0.63848,5.71311,-2.54440,2.54440,0.85727,37.63467
vibrato,wsola,0.50000,,0.48197,3.39093,-0.22222,0.22222,0.60618,16.34511
vibrato,wsola,0.75000,,0.53156,3.11377,0.05494,0.05494,0.40165,10.04402
vibrato,wsola,1.25000,,0.54487,3.07578,0.09293,0.09293,0.35042,24.49027
vibrato,wsola,1.50000,,0.53233,3.09115,0.07756,0.07756,0.46645,30.54679
vibrato,wsola,2.00000,,0.52192,3.13374,0.03497,0.03497,0.57385,37.31428
vibrato,pv,0.50000,0.17492,0.41668,3.67846,-0.50975,0.50975,0.42014,17.39294
vibrato,pv,0.75000,0.19432,0.46004,4.30641,-1.13770,1.13770,0.44165,9.16388
vibrato,pv,1.25000,0.12489,0.43936,3.94107,-0.77236,0.77236,0.35543,9.84924
vibrato,pv,1.50000,0.11432,0.44486,3.85579,-0.68708,0.68708,0.33978,9.74948
vibrato,pv,2.00000,0.04811,0.54034,3.45475,-0.28604,0.28604,0.22168,12.25780
vibrato,pv_locked,0.50000,0.10441,0.37745,3.00195,0.16675,0.16675,0.32439,15.57113
vibrato,pv_locked,0.75000,0.12604,0.41448,3.59669,-0.42798,0.42798,0.35686,7.83374
vibrato,pv_locked,1.25000,0.05993,0.41744,3.39390,-0.22519,0.22519,0.24500,10.05188
vibrato,pv_locked,1.50000,0.05067,0.41528,3.26903,-0.10032,0.10032,0.22525,10.21795
vibrato,pv_locked,2.00000,0.03579,0.49622,3.16085,0.00786,0.00786,0.19031,10.84614
vibrato,pv_transient,0.50000,0.10441,0.37745,3.00195,0.16675,0.16675,0.32439,15.57113
vibrato,pv_transient,0.75000,0.12604,0.41448,3.59669,-0.42798,0.42798,0.35686,7.83374
vibrato,pv_transient,1.25000,0.06854,0.42389,3.32649,-0.15778,0.15778,0.26187,9.75392
vibrato,pv_transient,1.50000,0.04535,0.41466,3.34158,-0.17288,0.17288,0.21316,10.19973
vibrato,pv_transient,2.00000,0.03969,0.44072,3.36763,-0.19892,0.19892,0.20040,10.56047
percussive,naive,0.50000,,1.95947,9.22565,1.91276,1.91276,1.11293,101.54426
percussive,naive,0.75000,,1.93447,9.24945,1.88896,1.88896,0.92489,38.98834
percussive,naive,1.25000,,1.97676,8.90685,2.23156,2.23156,0.79857,65.35561
percussive,naive,1.50000,,1.98643,9.06738,2.07103,2.07103,1.02452,71.19285
percussive,naive,2.00000,,2.00126,8.97645,2.16195,2.16195,1.14758,84.47805
percussive,ola,0.50000,,1.68952,9.18522,1.95318,1.95318,0.82795,114.64629
percussive,ola,0.75000,,1.92166,12.27086,-1.13246,1.13246,0.59569,59.22048
percussive,ola,1.25000,,2.25316,14.14626,-3.00786,3.00786,0.77413,48.97362
percussive,ola,1.50000,,1.98497,12.02971,-0.89131,0.89131,0.76436,48.69519
percussive,ola,2.00000,,1.82709,9.18502,1.95339,1.95339,0.73561,62.00160
percussive,wsola,0.50000,,1.78777,8.90070,2.23771,2.23771,0.91593,108.66297
percussive,wsola,0.75000,,1.84655,8.44550,2.69291,2.69291,0.54875,71.37784
percussive,wsola,1.25000,,1.95276,9.87991,1.25850,1.25850,0.48528,47.88441
percussive,wsola,1.50000,,1.83252,8.48166,2.65675,2.65675,0.71970,53.78639
percussive,wsola,2.00000,,1.73684,8.68741,2.45100,2.45100,0.89669,72.43061
percussive,pv,0.50000,0.48683,1.29062,5.22863,5.90978,5.90978,0.69773,133.90152
percussive,pv,0.75000,0.34280,1.50832,9.91872,1.21969,1.21969,0.58549,115.26903
percussive,pv,1.25000,0.30059,1.69147,11.88672,-0.74831,0.74831,0.54826,92.52353
percussive,pv,1.50000,0.28070,1.74512,11.13552,0.00288,0.00288,0.52981,84.66361
percussive,pv,2.00000,0.49694,1.70263,10.33540,0.80300,0.80300,0.70494,38.09562
percussive,pv_locked,0.50000,0.20425,1.60919,7.26213,3.87627,3.87627,0.45194,128.42248
percussive,pv_locked,0.75000,0.09902,1.80626,7.93616,3.20225,3.20225,0.31467,106.49206
percussive,pv_locked,1.25000,0.10324,1.95377,9.04519,2.09321,2.09321,0.32131,84.30971
percussive,pv_locked,1.50000,0.10099,1.91991,9.15389,1.98452,1.98452,0.31778,76.52890
percussive,pv_locked,2.00000,0.12103,1.86857,10.52286,0.61554,0.61554,0.34789,60.14980
percussive,pv_transient,0.50000,0.19825,1.63900,9.23401,1.90439,1.90439,0.44525,124.75247
percussive,pv_transient,0.75000,0.10168,1.87260,9.25294,1.88547,1.88547,0.31887,104.89943
percussive,pv_transient,1.25000,0.11556,2.03110,10.61722,0.52118,0.52118,0.33994,84.22488
percussive,pv_transient,1.50000,0.10381,1.98502,10.73933,0.39907,0.39907,0.32220,76.57504
percussive,pv_transient,2.00000,0.12078,1.93969,11.14353,-0.00512,0.00512,0.34754,64.02116
mixed,naive,0.50000,,0.55834,3.99640,0.12303,0.12303,0.99152,45.30136
mixed,naive,0.75000,,0.55990,3.64135,0.47807,0.47807,1.33313,38.04745
mixed,naive,1.25000,,0.55927,3.82186,0.29756,0.29756,1.34804,38.64706
mixed,naive,1.50000,,0.55873,3.96868,0.15074,0.15074,1.27665,39.73394
mixed,naive,2.00000,,0.55877,3.87316,0.24626,0.24626,0.98773,52.23796
mixed,ola,0.50000,,0.39969,3.67387,0.44556,0.44556,0.54918,36.34658
mixed,ola,0.75000,,0.56698,5.01766,-0.89823,0.89823,0.76798,17.69083
mixed,ola,1.25000,,0.51566,3.27629,0.84313,0.84313,0.26878,28.10154
mixed,ola,1.50000,,0.56874,4.98016,-0.86074,0.86074,0.78589,32.98717
mixed,ola,2.00000,,0.65373,5.44780,-1.32838,1.32838,0.83600,41.40766
mixed,wsola,0.50000,,0.56402,3.83935,0.28007,0.28007,0.16854,36.10889
mixed,wsola,0.75000,,0.56657,3.91030,0.20912,0.20912,0.08465,16.60348
mixed,wsola,1.25000,,0.56582,4.14846,-0.02904,0.02904,0.10390,25.73514
mixed,wsola,1.50000,,0.56545,4.01654,0.10288,0.10288,0.14082,31.64190
mixed,wsola,2.00000,,0.56752,4.05191,0.06752,0.06752,0.18394,39.02975
mixed,pv,0.50000,0.01824,0.55680,3.43942,0.68000,0.68000,0.13841,46.02553
mixed,pv,0.75000,0.01037,0.55876,3.69292,0.42651,0.42651,0.10277,34.81714
mixed,pv,1.25000,0.01718,0.56087,3.81177,0.30765,0.30765,0.13462,25.69713
mixed,pv,1.50000,0.02009,0.56161,3.61855,0.50087,0.50087,0.14585,23.44669
mixed,pv,2.00000,0.02271,0.56655,3.89048,0.22894,0.22894,0.15425,22.28883
mixed,pv_locked,0.50000,0.00716,0.56170,3.48837,0.63105,0.63105,0.08980,40.80068
mixed,pv_locked,0.75000,0.00307,0.56387,3.72498,0.39444,0.39444,0.05698,28.03184
mixed,pv_locked,1.25000,0.00369,0.55180,3.76554,0.35389,0.35389,0.06222,19.93226
mixed,pv_locked,1.50000,0.00372,0.55313,3.74555,0.37387,0.37387,0.06190,18.24501
mixed,pv_locked,2.00000,0.00444,0.54617,3.67794,0.44148,0.44148,0.06951,15.65953
mixed,pv_transient,0.50000,0.02947,0.57215,3.90490,0.21452,0.21452,0.17460,39.70804
mixed,pv_transient,0.75000,0.02715,0.57762,3.84709,0.27234,0.27234,0.16512,26.70022
mixed,pv_transient,1.25000,0.02401,0.57400,4.23076,-0.11133,0.11133,0.15569,20.12137
mixed,pv_transient,1.50000,0.01945,0.56206,4.26021,-0.14078,0.14078,0.14138,18.51105
mixed,pv_transient,2.00000,0.02099,0.56969,4.29532,-0.17590,0.17590,0.14652,15.71028
noise,naive,0.50000,,0.53344,3.57788,-0.02738,0.02738,0.62137,8.13941
noise,naive,0.75000,,0.53384,4.15915,-0.60865,0.60865,0.59976,7.55223
noise,naive,1.25000,,0.53468,4.26942,-0.71892,0.71892,0.65309,8.51104
noise,naive,1.50000,,0.53289,3.72414,-0.17364,0.17364,0.70658,10.34089
noise,naive,2.00000,,0.53611,3.79694,-0.24644,0.24644,0.80644,23.01974
noise,ola,0.50000,,0.52611,3.60280,-0.05230,0.05230,0.58377,7.94548
noise,ola,0.75000,,0.52321,3.86872,-0.31822,0.31822,0.49855,7.01624
noise,ola,1.25000,,0.52575,3.98724,-0.43674,0.43674,0.52767,22.86640
noise,ola,1.50000,,0.52425,4.00626,-0.45576,0.45576,0.59257,29.40763
noise,ola,2.00000,,0.52787,4.01365,-0.46315,0.46315,0.75101,39.45708
noise,wsola,0.50000,,0.52148,3.27462,0.27588,0.27588,0.58311,7.94681
noise,wsola,0.75000,,0.54284,3.59182,-0.04132,0.04132,0.42062,5.67897
noise,wsola,1.25000,,0.53948,3.78535,-0.23485,0.23485,0.36670,21.86947
noise,wsola,1.50000,,0.54257,3.99758,-0.44708,0.44708,0.48838,28.48820
noise,wsola,2.00000,,0.54289,3.95514,-0.40464,0.40464,0.58114,35.06956
noise,pv,0.50000,0.28123,0.52180,3.10111,0.44939,0.44939,0.53353,7.44929
noise,pv,0.75000,0.23261,0.52515,3.65004,-0.09954,0.09954,0.48407,6.94190
noise,pv,1.25000,0.20277,0.52390,3.36232,0.18818,0.18818,0.45166,6.73813
noise,pv,1.50000,0.19835,0.52291,3.57538,-0.02488,0.02488,0.44637,6.75778
noise,pv,2.00000,0.10691,0.52576,3.39929,0.15121,0.15121,0.32872,5.36238
noise,pv_locked,0.50000,0.22581,0.51894,4.07770,-0.52720,0.52720,0.47750,6.87341
noise,pv_locked,0.75000,0.17741,0.52351,3.45673,0.09377,0.09377,0.42309,6.27284
noise,pv_locked,1.25000,0.14485,0.52475,3.29990,0.25060,0.25060,0.38076,5.96751
noise,pv_locked,1.50000,0.13943,0.52391,3.62530,-0.07480,0.07480,0.37372,6.06415
noise,pv_locked,2.00000,0.12575,0.52645,3.64597,-0.09547,0.09547,0.35517,6.27376
noise,pv_transient,0.50000,0.22581,0.51894,4.07770,-0.52720,0.52720,0.47750,6.87341
noise,pv_transient,0.75000,0.17741,0.52351,3.45673,0.09377,0.09377,0.42309,6.27284
noise,pv_transient,1.25000,0.14485,0.52475,3.29990,0.25060,0.25060,0.38076,5.96751
noise,pv_transient,1.50000,0.13943,0.52391,3.62530,-0.07480,0.07480,0.37372,6.06415
noise,pv_transient,2.00000,0.12575,0.52645,3.64597,-0.09547,0.09547,0.35517,6.27376
