signal,method,stretch,consistency,spectral_convergence,log_spectral_distance,ser_db
stationary_tone,vocoder,0.5,0.0005849637033465484,0.04071714840889786,16.68089404880395,
stationary_tone,vocoder,0.75,0.00011134708653611675,0.0175623235194492,6.950769763381957,
stationary_tone,vocoder,1.0,5.367184601992953e-25,5.584735001677874e-13,1.8934219645504542e-05,inf
stationary_tone,vocoder,1.25,0.008938872349053334,0.10031775520609405,8.457271147600364,
stationary_tone,vocoder,1.5,0.00964537713786265,0.1040996293462901,8.466681499930836,
stationary_tone,vocoder,2.0,0.018618634677164552,0.14050004193237814,11.018092450718237,
stationary_tone,passthrough,0.5,0.30057710223152656,0.5487268599107689,17.020768838823937,
stationary_tone,passthrough,0.75,0.04859335642579412,0.22071723929108264,7.627652670654048,
stationary_tone,passthrough,1.0,5.852084386201201e-32,2.2850754545448405e-16,4.977620356144174e-07,inf
stationary_tone,passthrough,1.25,0.029537499972125524,0.17230243591153632,8.898509353002988,
stationary_tone,passthrough,1.5,0.050548847840342505,0.22528739565898606,9.39418300628568,
stationary_tone,passthrough,2.0,0.09683613878611198,0.3118016991043581,9.306350130357597,
stationary_tone,ola,0.5,,0.5386389156304373,16.009215726405444,
stationary_tone,ola,0.75,,0.7735162902641002,10.255000148757944,
stationary_tone,ola,1.0,,0.05025223067261244,1.8761436195257257,21.967113405024598
stationary_tone,ola,1.25,,0.23664560879308624,22.865399825605028,
stationary_tone,ola,1.5,,0.7869129389481392,28.545847930404427,
stationary_tone,ola,2.0,,0.839482747317204,34.98663880115525,
vibrato_voice,vocoder,0.5,0.23446732456763156,0.48789323080607677,17.52065051288765,
vibrato_voice,vocoder,0.75,0.1663454847578964,0.4081930676445071,10.874689058686586,
vibrato_voice,vocoder,1.0,3.23234462685304e-24,1.8098448611039767e-12,5.92621410698229e-06,inf
vibrato_voice,vocoder,1.25,0.19567557318180065,0.443070682015129,9.279314610979306,
vibrato_voice,vocoder,1.5,0.092924456858705,0.3056342156463626,9.149452318863394,
vibrato_voice,vocoder,2.0,0.0737827838811859,0.27379745879220746,9.194555730796896,
vibrato_voice,passthrough,0.5,0.4370990034505762,0.6631984059507045,14.569796205406838,
vibrato_voice,passthrough,0.75,0.13907382616219335,0.37447126564114086,9.638535914898371,
vibrato_voice,passthrough,1.0,7.131352506750112e-32,2.61078360661153e-16,1.4627880767164558e-06,inf
vibrato_voice,passthrough,1.25,0.0811006369851241,0.2847296855559869,8.537425900087934,
vibrato_voice,passthrough,1.5,0.12044339336588016,0.3470177274381729,9.721308964574265,
vibrato_voice,passthrough,2.0,0.22617133315723592,0.47562533769857773,10.10235701300888,
vibrato_voice,ola,0.5,,0.6419762235007701,16.997610336511606,
vibrato_voice,ola,0.75,,0.5600229080326177,11.791909586782044,
vibrato_voice,ola,1.0,,0.02233187592354411,6.669434369390186,30.170274139876728
vibrato_voice,ola,1.25,,0.7702722279336762,20.949168650213288,
vibrato_voice,ola,1.5,,0.6162216466231017,26.039589469175972,
vibrato_voice,ola,2.0,,0.7056780495255887,32.867675118236555,
