signal,method,stretch,amplitude_warble,consistency,spectral_convergence,log_spectral_distance,ser_db
sine,ola,0.5,0.0022743603579025076,,0.36177531877885777,18.80628315665465,
sine,ola,0.75,0.019496768067298272,,0.7959710703123789,10.818501068348306,
sine,ola,1.25,0.0011344286373031467,,0.11465983346405716,20.455961588017786,
sine,ola,1.5,0.04295369934191549,,0.8092124746219496,26.8168210501442,
sine,ola,2.0,0.36515887713695955,,0.9433463240760271,34.12521804115105,
sine,wsola,0.5,6.2597526806249105e-06,,0.03758607364792591,16.898412789592523,
sine,wsola,0.75,0.0010295473922253924,,0.010348241755295716,6.233977080372276,
sine,wsola,1.25,0.0007429054053205814,,0.08505626084125754,21.044520681209626,
sine,wsola,1.5,0.0002375795550996187,,0.10949126073094906,25.606803430017113,
sine,wsola,2.0,0.04950235899762961,,0.13491894209806798,31.40402878916622,
sine,pv,0.5,0.006309118711447792,0.0005736886789030826,0.0400959778193709,17.445161530394724,
sine,pv,0.75,0.0007665918333865117,0.00010982342574396208,0.009920450438744734,6.015404530886012,
sine,pv,1.25,0.00829548353426156,0.009184236114897684,0.10144075462089273,9.041801289309639,
sine,pv,1.5,0.008299924874012704,0.009908192232879316,0.10534837774925603,9.0117449637335,
sine,pv,2.0,0.015819035192688055,0.01911139347823491,0.14182664872437065,11.82871864554215,
sine,pv_locked,0.5,7.743790019369985e-06,0.0004622379806605235,0.037543414092114646,15.595827921016113,
sine,pv_locked,0.75,0.0009617739982048913,0.00010845782544080411,0.009846726245691974,5.905527618155075,
sine,pv_locked,1.25,0.0010770274973473382,0.0005809931580949191,0.025023930889504015,8.406825200731031,
sine,pv_locked,1.5,0.00041053504703441294,0.0006461702218817527,0.027806091388020548,8.146778363224435,
sine,pv_locked,2.0,0.0006730837632462467,0.0007985046035330014,0.0352018741591279,8.672831728302551,
tone,ola,0.5,0.38250826940347876,,0.5386389156304373,16.009215726405444,
tone,ola,0.75,0.5639207581638401,,0.7735162902641002,10.255000148757944,
tone,ola,1.25,0.5133178149873883,,0.23664560879308624,22.865399825605028,
tone,ola,1.5,0.565719837708912,,0.7869129389481392,28.545847930404427,
tone,ola,2.0,0.6507912104473291,,0.839482747317204,34.98663880115525,
tone,wsola,0.5,0.5590399699982034,,0.03957999608527002,14.64564559219725,
tone,wsola,0.75,0.5588162508820035,,0.018896035675158223,6.433741290803801,
tone,wsola,1.25,0.5587920168678587,,0.08536217455934718,21.895091103725857,
tone,wsola,1.5,0.5585801645754896,,0.10970482834601883,27.609408100869384,
tone,wsola,2.0,0.5610298968424091,,0.13521722101703976,34.090711170514275,
tone,pv,0.5,0.5593961891773893,0.0005849637033465484,0.04071714840889786,16.68089404880395,
tone,pv,0.75,0.5588332416686179,0.00011134708653611675,0.0175623235194492,6.950769763381957,
tone,pv,1.25,0.5594972267576,0.008938872349053334,0.10031775520609405,8.457271147600364,
tone,pv,1.5,0.5595567502115985,0.00964537713786265,0.1040996293462901,8.466681499930836,
tone,pv,2.0,0.5600360808187933,0.018618634677164552,0.14050004193237814,11.018092450718237,
tone,pv_locked,0.5,0.5583796687413485,0.0004742567694642713,0.038049646423359305,14.452462654821277,
tone,pv_locked,0.75,0.5588595693988351,0.00010852551113956638,0.01745771660751249,6.707382552427407,
tone,pv_locked,1.25,0.5479073268198706,0.0005655758496165112,0.02755983917270977,7.935801638613146,
tone,pv_locked,1.5,0.5478918771220661,0.0006289125762902951,0.027432184986851793,7.732424896400701,
tone,pv_locked,2.0,0.5418371665309423,0.0007713249650786226,0.03440743286838846,7.863071487547798,
voice,ola,0.5,0.6089302416414258,,0.6359274843474673,15.34388723114059,
voice,ola,0.75,0.32361189918939787,,0.5652330977998953,12.305676294478458,
voice,ola,1.25,0.4601069717528111,,0.7669598276563779,22.204787187339036,
voice,ola,1.5,0.3238818561656839,,0.6022847845772407,27.436797239312767,
voice,ola,2.0,0.5827418731521561,,0.6871625453680182,34.81354984871612,
voice,wsola,0.5,0.47858532765493983,,0.5390269577776562,14.857447022758219,
voice,wsola,0.75,0.4830776781372657,,0.40401364649986105,12.09767369987469,
voice,wsola,1.25,0.48419685360588394,,0.19869927580897306,21.224687266576666,
voice,wsola,1.5,0.48312174941465313,,0.3356687398538285,27.296274643928356,
voice,wsola,2.0,0.4875347643506174,,0.4316265623709559,33.63489112180012,
voice,pv,0.5,0.5990484114724124,0.25661066929829557,0.4827716978806744,18.110203022194487,
voice,pv,0.75,0.5700303009423555,0.18204971070296097,0.42931311048090937,10.112970235545937,
voice,pv,1.25,0.5608755538912655,0.2059913134708825,0.4616378251632697,10.193904121929112,
voice,pv,1.5,0.4910105227129178,0.10160494831454048,0.32813140405886265,8.748468430967373,
voice,pv,2.0,0.4868750381580372,0.07427246200634254,0.2450391576698085,9.451944420632895,
voice,pv_locked,0.5,0.5170608526000183,0.2131262417226762,0.45062340610803736,16.68933399469145,
voice,pv_locked,0.75,0.458027420959608,0.10213346458138998,0.32485483143010996,11.293422961709153,
voice,pv_locked,1.25,0.43984812442756965,0.07393965738659139,0.2931202893812886,10.85050962653025,
voice,pv_locked,1.5,0.41889679969462024,0.04472518455075325,0.23253646562331914,10.026943632547964,
voice,pv_locked,2.0,0.46529765812840646,0.035453280865322234,0.16464145549534914,10.315066697658727,
